<?xml version="1.0" encoding="UTF-8"?>
<!DOCTYPE tiles-definitions PUBLIC
       "-//Apache Software Foundation//DTD Tiles Configuration 2.1//EN"
       "http://tiles.apache.org/dtds/tiles-config_2_1.dtd">

<tiles-definitions>
<!-- Templates -->
<definition name="base-template" template="/WEB-INF/templates/base-template.jsp">
    <put-attribute name="title" value="Default title" />
    <put-attribute name="header" value="/WEB-INF/templates/header.jsp" />
    <put-attribute name="navigation" value="/WEB-INF/templates/navigation.jsp" />
    <put-attribute name="content" value="" />
    <put-attribute name="footer" value="/WEB-INF/templates/footer.jsp" />
</definition>
<definition name="*" extends="base-template">
    <put-attribute name="title" value="View: {1}" />
    <put-attribute name="content" value="/WEB-INF/views/{1}.jsp" />
</definition>


</tiles-definitions>