<?xml version="1.0" encoding="UTF-8"?>
<beans xmlns="http://www.springframework.org/schema/beans"
	xmlns:xsi="http://www.w3.org/2001/XMLSchema-instance"
	xmlns:util="http://www.springframework.org/schema/util"
	xmlns:security="http://www.springframework.org/schema/security"
	xsi:schemaLocation="http://www.springframework.org/schema/beans 
                           http://www.springframework.org/schema/beans/spring-beans-3.0.xsd
                           http://www.springframework.org/schema/util 
                           http://www.springframework.org/schema/util/spring-util-3.0.xsd
                           http://www.springframework.org/schema/security http://www.springframework.org/schema/security/spring-security-2.0.xsd">

	<security:http access-denied-page="/spring/denied.html">
		<security:form-login login-page="/spring/login.html"
			authentication-failure-url="/spring/login.html?login_error=true" />
		<security:intercept-url pattern="/spring/home.html" filters="none"/>
		<security:intercept-url pattern="/spring/denied.html" filters="none"/>
		<security:intercept-url pattern="/spring/login.html*" filters="none"/>
		<security:intercept-url pattern="/spring/edit*" access="ROLE_ADMIN" />
		<security:intercept-url pattern="/spring/account*" access="ROLE_ADMIN,ROLE_MEMBER" />
		<security:intercept-url pattern="/spring/taskDetails*" access="ROLE_ADMIN,ROLE_MEMBER" />
		<security:intercept-url pattern="/spring/addTask" access="ROLE_MEMBER" />
		<security:intercept-url pattern="/spring/deleteTask*" access="ROLE_ADMIN" />

		<security:logout/>
	</security:http>

	<security:authentication-provider>
		<security:password-encoder hash="md5" >
			<security:salt-source system-wide="MySalt"/>
		</security:password-encoder>
		<security:user-service properties="/WEB-INF/users.properties" />
	</security:authentication-provider>

	<security:global-method-security secured-annotations="enabled">
		<security:protect-pointcut
			expression="execution(* com.springsource..*Service.*(..))"
			access="ROLE_USER" />
	</security:global-method-security>

</beans>
